{
  "Dummy": {
    "accuracy": 0.7375,
    "f1": 0.0,
    "roc_auc": 0.5
  },
  "LogisticRegression": {
    "accuracy": 0.8119444444444445,
    "f1": 0.5606748864373783,
    "roc_auc": 0.7976914875596609
  },
  "DecisionTree": {
    "accuracy": 0.8383333333333334,
    "f1": 0.6576470588235294,
    "roc_auc": 0.8371031995137457
  },
  "RandomForest": {
    "accuracy": 0.8908333333333334,
    "f1": 0.7578558225508318,
    "roc_auc": 0.9280720214430196
  },
  "HistGB": {
    "accuracy": 0.9033333333333333,
    "f1": 0.7983777520278099,
    "roc_auc": 0.9296298289141981
  }
}